comment_id,post_id,author_id,content,created_at
c1,p1,u14,"√ìtimas dicas! Testei a 2 e melhorou bastante.",2025-09-03
c2,p2,u12,"Valeu pelo notebook, muito √∫til.",2025-09-11
c3,p3,u11,"Boa estrat√©gia de segmenta√ß√£o!",2025-10-02
c4,p4,u13,"Posso ajudar com contatos locais.",2025-09-28
c5,p5,u7,"Explica√ß√£o clara ‚Äî e o exemplo num√©rico ajudou.",2025-10-13
c6,p6,u17,"Adorei a sele√ß√£o üî•",2025-10-06
c7,p1,u10,"Concordo, a dica 4 √© essencial.",2025-09-04
c8,p8,u5,"Confirmo presen√ßa no encontro.",2025-10-16
c9,p9,u6,"Segue meu reposit√≥rio com exerc√≠cios.",2025-09-19
c10,p7,u2,"Adicionei benchs com 1M de n√≥s.",2025-10-21